{
  "a_p": 0.0,
  "b_p": 0.05903543105135099,
  "c_p": 331.52466045623095,
  "a_d": 0.0,
  "b_d": 0.0,
  "alpha": 0.05,
  "t_c": 21.156799767259763,
  "train_mape": 24.31426364524807,
  "test_mape": 24.471447142482667,
  "train_metrics": {
    "mape": 24.31426364524807,
    "mae": 9.035609332355053,
    "rmse": 15.186824682980967,
    "r2": 0.8049081433506191
  },
  "test_metrics": {
    "mape": 24.471447142482667,
    "mae": 8.77099050512029,
    "rmse": 14.182834174546455,
    "r2": 0.7992076775718163
  }
}