{
  "parameters": {
    "a_p": 0.02199132979010915,
    "b_p": -1.972167483977215e-13,
    "c_p": 210.02629521589984,
    "a_d": 0.276517781363557,
    "b_d": 175.72748299564563,
    "alpha": 0.989881605622843,
    "t_c": 18.019442989151784
  },
  "method": "Scipy+MAPE",
  "metrics": {
    "train": {
      "mape": 13.817308056167606,
      "mae_ms": 5.605960521676244,
      "rmse_ms": 11.888466917332545,
      "r2": 0.9828629316325934
    },
    "test": {
      "mape": 13.933450935766494,
      "mae_ms": 5.721138849109946,
      "rmse_ms": 12.421824233976285,
      "r2": 0.983313365984631
    }
  },
  "data_summary": {
    "total_batches": 51672,
    "train_size": 41337,
    "test_size": 10335,
    "freq_min": 210.0,
    "freq_max": 2565.0,
    "freq_distinct": 34,
    "batch_size_min": 1,
    "batch_size_max": 81,
    "prefill_lq_min": 32,
    "prefill_lq_max": 2048,
    "decode_lkv_min": 32,
    "decode_lkv_max": 2048
  }
}