{
  "params": {
    "a_p": 0.06974426133258664,
    "b_p": 0.0,
    "c_p": 339.5279270743663,
    "a_d": 0.21119819691195815,
    "b_d": 48.22304900951259,
    "alpha": 0.8167399114897823,
    "t_c": 57.04702501098545
  },
  "metrics_train": {
    "MAPE": 1.9202919372760072,
    "MAE": 1.965920818279273,
    "RMSE": 6.087430806087168,
    "R2": 0.9973886763264457
  },
  "metrics_test": {
    "MAPE": 1.4243305032120732,
    "MAE": 1.9004139744470558,
    "RMSE": 5.721388768498445,
    "R2": 0.9935610672302916
  },
  "data_summary": {
    "total_records": 596,
    "n_train": 476,
    "n_test": 120,
    "freq_min": 1710.0,
    "freq_max": 1710.0,
    "wall_time_min": 57.06402899977547,
    "wall_time_max": 1862.7007920003962,
    "wall_time_mean": 77.56358632887353,
    "batches_prefill": 87,
    "batches_decode": 512,
    "batches_mixed": 3
  }
}