{
  "a_p": 0.0,
  "b_p": 0.0,
  "c_p": 386.43399679368156,
  "a_d": 0.0,
  "b_d": 2058.3100781588614,
  "alpha": 0.99,
  "t_c": 15.979497057932209,
  "train_mape": 14.569357033938202,
  "test_mape": 14.574161684467619,
  "train_metrics": {
    "mape": 14.569357033938202,
    "mae": 4.763442915523974,
    "rmse": 8.140551927771833,
    "r2": 0.779745663407221
  },
  "test_metrics": {
    "mape": 14.574161684467619,
    "mae": 4.7746103009529,
    "rmse": 8.158649700139845,
    "r2": 0.7761455276853697
  }
}